Donor Type,Donor Ethnicity,Donor State of Residence,All Donors,Kidney,Liver,Heart,Pancreas,Lung,Intestine
All Donor Types,All Ethnicities,All Donor States of Residence,387089,360646,187160,78109,46574,39849,3430
,,Alabama,6338,6014,3111,1193,603,572,36
,,Alaska,1008,979,499,210,150,129,1
,,Arizona,7007,6666,3242,1341,687,754,45
,,Arkansas,3121,2938,1766,811,419,372,56
,,California,39248,36774,18905,8565,4222,4479,158
,,Colorado,5736,5354,2596,1210,756,494,42
,,Connecticut,4061,3821,1664,725,354,273,21
,,Delaware,1499,1386,857,328,204,199,13
,,District of Columbia,1034,955,475,185,156,112,8
,,Florida,20774,19064,11974,4588,2682,2408,388
,,Georgia,10557,9581,5562,2367,981,1172,117
,,Hawaii,1303,1256,594,69,109,32,1
,,Idaho,1676,1601,779,374,201,148,15
,,Illinois,17991,16603,7906,3052,2659,1852,159
,,Indiana,7895,7467,4128,1950,1218,1010,204
,,Iowa,3825,3666,1674,719,561,353,39
,,Kansas,3656,3431,2141,937,659,501,51
,,Kentucky,4756,4521,2486,1091,701,542,47
,,Louisiana,5950,5436,3652,1498,984,822,77
,,Maine,1770,1649,783,336,208,136,17
,,Maryland,8941,8304,4035,1436,1162,1007,54
,,Massachusetts,7947,7368,3063,1242,615,536,34
,,Michigan,14393,13598,6036,2549,1425,1555,154
,,Minnesota,8474,8017,3091,1307,1403,697,90
,,Mississippi,3136,2933,1726,721,395,316,63
,,Missouri,7950,7236,4631,1863,1127,1218,102
,,Montana,1236,1178,577,295,171,104,11
,,Nebraska,2312,2183,1139,443,422,231,35
,,Nevada,2972,2769,1687,706,310,344,21
,,New Hampshire,1687,1575,664,270,157,140,3
,,New Jersey,11172,10535,4616,1803,1096,784,43
,,New Mexico,2328,2199,1184,543,201,194,19
,,New York,22604,20099,9863,3344,1763,1127,140
,,North Carolina,10187,9526,5121,2438,1520,1328,127
,,North Dakota,1029,985,399,171,182,76,14
,,Ohio,15946,15033,7422,3000,2377,1675,137
,,Oklahoma,4334,4076,2430,1094,392,454,31
,,Oregon,3813,3681,1709,765,414,272,10
,,Pennsylvania,19932,18342,11001,4008,2693,2271,178
,,Puerto Rico,2737,2451,1567,355,245,246,29
,,Rhode Island,1229,1154,393,178,102,62,4
,,,,,,,,,
,,South Carolina,5383,5086,3210,1413,760,736,51
,,South Dakota,1111,1066,505,202,233,124,16
,,State unassigned,7828,7280,2596,1279,640,477,26
,,Tennessee,8081,7535,4480,2090,1156,974,129
,,Texas,28137,26064,14257,6831,2616,3483,209
,,Utah,3496,3313,1426,703,375,259,13
,,Vermont,798,746,350,138,85,62,3
,,Virginia,10007,9398,4343,1762,916,922,78
,,Washington,6425,6193,2805,1217,723,602,26
,,West Virginia,2429,2228,1445,495,377,271,42
,,Wisconsin,9144,8686,4235,1715,1895,867,42
,,Wyoming,686,647,360,184,112,75,1
,White,All Donor States of Residence,273107,255889,130749,53987,33376,26230,2171
,,Alabama,4714,4510,2290,881,441,401,24
,,Alaska,770,745,364,155,107,95,0
,,Arizona,4802,4557,2222,886,451,492,23
,,Arkansas,2534,2410,1436,651,339,293,42
,,California,20287,19063,9630,4227,2121,1994,57
,,Colorado,4480,4193,2024,945,612,378,33
,,Connecticut,3112,2936,1230,515,251,186,11
,,Delaware,1161,1090,655,251,147,143,5
,,District of Columbia,261,246,75,24,21,18,1
,,Florida,14346,13207,8138,3048,1707,1539,194
,,Georgia,6890,6355,3497,1528,652,684,69
,,Hawaii,443,429,174,29,39,13,0
,,Idaho,1525,1459,708,337,183,131,11
,,Illinois,11533,10707,5061,1911,1707,1098,89
,,Indiana,6696,6368,3447,1623,995,823,164
,,Iowa,3582,3440,1557,662,529,318,30
,,Kansas,3086,2901,1767,763,546,390,42
,,Kentucky,4275,4069,2200,968,613,467,40
,,Louisiana,3898,3650,2379,1026,698,532,48
,,Maine,1704,1590,752,322,199,132,15
,,Maryland,5389,5022,2481,851,698,559,31
,,Massachusetts,6599,6108,2503,977,477,421,23
,,Michigan,11671,11101,4794,2010,1146,1190,108
,,Minnesota,7633,7227,2800,1173,1280,620,81
,,Mississippi,2184,2061,1159,488,272,179,41
,,Missouri,6543,6036,3713,1498,931,937,73
,,Montana,1131,1077,534,276,158,95,10
,,Nebraska,2034,1919,986,375,381,196,29
,,,,,,,,,
,,Nevada,2046,1929,1148,474,212,197,13
,,New Hampshire,1609,1504,628,251,148,128,3
,,New Jersey,7193,6790,2910,1083,669,445,20
,,New Mexico,1170,1100,601,252,101,96,8
,,New York,13911,12481,5931,1912,1076,664,75
,,North Carolina,7362,6924,3638,1727,1092,866,66
,,North Dakota,916,872,372,155,169,66,12
,,Ohio,13467,12746,6173,2469,1962,1324,110
,,Oklahoma,3568,3363,1992,899,312,355,25
,,Oregon,3405,3289,1531,664,369,230,9
,,Pennsylvania,16359,15104,8905,3172,2184,1742,145
,,Puerto Rico,61,56,11,3,0,1,1
,,Rhode Island,1033,970,328,148,86,56,2
,,South Carolina,3876,3711,2231,1023,555,463,31
,,South Dakota,981,945,438,172,203,104,15
,,State unassigned,3415,3125,1273,625,285,205,5
,,Tennessee,6494,6094,3583,1674,901,738,91
,,Texas,15640,14542,8056,3801,1503,1785,95
,,Utah,3122,2957,1274,621,341,227,12
,,Vermont,776,727,343,135,84,60,3
,,Virginia,6997,6540,3124,1263,656,613,44
,,Washington,5366,5173,2311,988,604,485,18
,,West Virginia,2283,2097,1351,451,350,245,40
,,Wisconsin,8131,7768,3685,1454,1706,739,33
,,Wyoming,643,606,336,171,107,72,1
,Black,All Donor States of Residence,50384,45451,27195,10963,6477,6678,664
,,Alabama,1494,1379,760,275,150,158,9
,,Alaska,40,39,21,7,8,6,0
,,Arizona,331,304,177,66,30,43,1
,,Arkansas,469,417,268,127,64,67,13
,,California,3080,2855,1702,725,371,435,17
,,Colorado,246,218,139,64,34,34,0
,,Connecticut,378,350,173,71,35,32,3
,,Delaware,259,223,152,52,38,40,6
,,District of Columbia,689,630,369,146,122,85,6
,,Florida,2853,2528,1826,709,458,435,84
,,Georgia,2972,2584,1706,652,251,394,35
,,Hawaii,18,17,5,0,1,1,0
,,Idaho,19,19,10,4,5,1,1
,,Illinois,3569,3201,1893,717,617,488,47
,,Indiana,830,745,515,247,166,147,31
,,,,,,,,,
,,Iowa,116,107,58,32,16,17,5
,,Kansas,233,213,159,65,39,45,3
,,Kentucky,373,350,226,91,66,62,6
,,Louisiana,1842,1600,1162,415,262,269,28
,,Maine,30,25,13,4,4,1,0
,,Maryland,2891,2649,1276,482,376,355,15
,,Massachusetts,468,439,176,83,39,40,3
,,Michigan,2081,1893,1001,431,237,292,41
,,Minnesota,338,317,128,58,60,35,2
,,Mississippi,884,811,530,214,117,130,20
,,Missouri,1131,957,763,301,159,233,23
,,Montana,6,5,4,1,2,1,0
,,Nebraska,120,112,72,29,24,17,0
,,Nevada,259,234,151,56,25,34,1
,,New Hampshire,23,19,14,8,5,4,0
,,New Jersey,1701,1586,772,302,187,139,15
,,New Mexico,53,50,37,14,6,5,0
,,New York,3547,3077,1668,589,300,200,31
,,North Carolina,2237,2044,1163,536,328,353,45
,,North Dakota,12,12,7,3,1,3,1
,,Ohio,2067,1897,1077,445,351,305,20
,,Oklahoma,341,315,207,91,34,50,4
,,Oregon,57,54,30,18,6,4,0
,,Pennsylvania,2377,2144,1433,546,356,346,22
,,Puerto Rico,7,7,1,1,1,1,0
,,Rhode Island,63,61,16,7,1,1,0
,,South Carolina,1301,1180,853,325,174,239,19
,,South Dakota,13,10,11,7,3,7,1
,,State unassigned,745,692,285,132,66,56,6
,,Tennessee,1285,1162,714,306,195,181,27
,,Texas,3401,2996,1994,870,359,528,36
,,Utah,27,23,15,7,3,4,0
,,Vermont,11,9,5,2,1,1,0
,,Virginia,2178,2066,903,370,163,218,27
,,Washington,242,230,124,57,34,31,3
,,West Virginia,118,106,76,35,19,20,2
,,Wisconsin,554,485,350,164,108,84,5
,,Wyoming,5,5,5,4,0,1,0
,Hispanic,All Donor States of Residence,47857,44589,22462,10972,5393,5409,485
,,Alabama,72,70,35,25,7,8,2
,,Alaska,21,20,11,7,2,2,0
,,,,,,,,,
,,Arizona,1516,1453,730,331,184,184,19
,,Arkansas,79,74,42,23,14,8,1
,,California,11956,11179,5831,3072,1453,1615,72
,,Colorado,852,797,362,174,101,67,8
,,Connecticut,470,440,229,120,59,45,6
,,Delaware,53,50,35,19,14,11,1
,,District of Columbia,56,53,26,12,11,7,0
,,Florida,3138,2930,1770,751,472,379,102
,,Georgia,482,442,269,152,64,69,7
,,Hawaii,32,31,13,1,3,1,0
,,Idaho,99,91,48,25,10,13,2
,,Illinois,2390,2236,787,376,297,221,21
,,Indiana,282,273,125,67,45,33,8
,,Iowa,90,83,40,19,11,11,3
,,Kansas,272,255,176,91,62,54,3
,,Kentucky,67,62,41,23,15,7,0
,,Louisiana,128,108,75,42,13,17,1
,,Maine,21,20,10,7,4,2,2
,,Maryland,346,334,163,73,61,57,7
,,Massachusetts,664,619,306,157,84,62,6
,,Michigan,406,373,173,80,29,47,3
,,Minnesota,205,191,84,40,31,17,2
,,Mississippi,37,32,22,12,3,4,0
,,Missouri,162,141,95,42,25,29,3
,,Montana,22,21,13,5,3,4,0
,,Nebraska,117,112,59,31,10,12,6
,,Nevada,449,413,266,140,53,70,7
,,New Hampshire,36,35,15,6,3,5,0
,,New Jersey,1708,1618,728,359,201,155,6
,,New Mexico,991,943,502,257,89,87,10
,,New York,4067,3594,1815,714,309,217,25
,,North Carolina,360,341,214,132,72,77,13
,,North Dakota,16,16,5,3,2,2,0
,,Ohio,236,224,108,62,40,29,4
,,Oklahoma,191,178,110,51,28,30,1
,,Oregon,214,207,95,62,30,23,1
,,Pennsylvania,888,805,523,235,129,140,10
,,Puerto Rico,1983,1801,972,237,137,106,21
,,Rhode Island,105,96,42,19,12,4,2
,,South Carolina,134,127,94,53,24,26,0
,,South Dakota,20,19,7,2,5,4,0
,,,,,,,,,
,,State unassigned,2457,2299,779,428,229,170,10
,,Tennessee,216,198,139,89,47,44,7
,,Texas,8352,7854,3855,2033,700,1085,72
,,Utah,248,239,100,58,26,22,1
,,Vermont,8,8,1,1,0,1,0
,,Virginia,425,400,168,74,57,47,5
,,Washington,389,378,182,95,43,42,2
,,West Virginia,19,17,15,7,7,4,0
,,Wisconsin,286,267,144,72,59,32,3
,,Wyoming,24,22,13,6,4,1,0
,Unknown,All Donor States of Residence,328,309,169,83,52,21,4
,,Alabama,2,2,1,0,0,0,0
,,Arizona,2,2,1,0,1,0,0
,,California,11,9,8,4,2,2,0
,,Colorado,2,2,1,1,0,0,0
,,Connecticut,2,2,0,2,1,0,0
,,Florida,24,20,17,5,3,2,1
,,Georgia,3,3,2,0,0,0,0
,,Hawaii,5,5,3,0,0,0,0
,,Illinois,3,2,2,0,1,0,0
,,Indiana,1,1,1,0,0,0,0
,,Kansas,1,1,1,0,0,0,0
,,Louisiana,1,1,1,1,0,0,0
,,Maryland,3,3,0,0,0,0,0
,,Massachusetts,4,4,2,2,1,0,0
,,Michigan,3,3,0,0,0,0,0
,,Minnesota,6,5,1,1,1,1,0
,,New Jersey,3,3,2,2,2,1,0
,,New York,6,6,2,1,1,0,0
,,North Carolina,2,2,2,1,1,0,0
,,Ohio,3,3,1,1,0,0,0
,,Pennsylvania,1,1,1,0,0,0,0
,,Puerto Rico,1,1,0,0,0,0,0
,,South Carolina,3,3,0,0,1,0,0
,,State unassigned,195,187,99,48,34,14,3
,,Tennessee,2,2,1,1,0,0,0
,,Texas,30,28,16,11,2,1,0
,,Utah,1,1,0,0,0,0,0
,,Vermont,1,1,0,0,0,0,0
,,Washington,5,4,4,2,1,0,0
,,Wisconsin,2,2,0,0,0,0,0
,,,,,,,,,
,Asian,All Donor States of Residence,9780,9150,4037,1153,710,983,55
,,Alabama,40,38,17,7,4,3,1
,,Alaska,25,24,17,7,3,7,0
,,Arizona,101,99,40,18,7,13,0
,,Arkansas,22,20,13,5,2,3,0
,,California,2967,2766,1345,375,200,339,9
,,Colorado,99,94,48,13,6,8,0
,,Connecticut,64,61,21,10,5,6,0
,,Delaware,20,17,11,3,2,3,0
,,District of Columbia,20,18,4,3,2,2,1
,,Florida,275,250,143,45,20,39,4
,,Georgia,159,149,69,22,11,22,2
,,Hawaii,430,413,210,15,27,10,1
,,Idaho,4,4,2,0,0,1,0
,,Illinois,383,353,136,37,30,41,1
,,Indiana,63,59,31,8,11,7,1
,,Iowa,28,28,18,5,4,6,1
,,Kansas,35,34,24,10,5,5,1
,,Kentucky,24,24,10,4,3,3,0
,,Louisiana,63,60,30,12,9,4,0
,,Maine,9,8,5,1,1,1,0
,,Maryland,230,215,98,26,20,33,1
,,Massachusetts,166,154,56,13,11,13,1
,,Michigan,151,147,50,20,9,22,2
,,Minnesota,148,141,34,15,13,15,2
,,Mississippi,20,19,9,5,1,3,1
,,Missouri,68,61,34,10,7,13,3
,,Montana,4,4,4,2,1,0,0
,,Nebraska,20,19,12,1,4,5,0
,,Nevada,146,128,84,23,12,35,0
,,New Hampshire,16,14,5,3,0,2,0
,,New Jersey,483,456,170,42,29,31,1
,,New Mexico,19,17,13,3,0,1,0
,,New York,739,655,286,60,47,29,4
,,North Carolina,84,80,44,16,11,13,1
,,North Dakota,5,5,1,0,0,0,0
,,Ohio,112,106,48,17,18,12,2
,,Oklahoma,35,34,20,8,1,1,1
,,Oregon,81,80,32,13,7,9,0
,,Pennsylvania,229,212,104,35,18,31,1
,,Puerto Rico,1,1,0,0,0,0,0
,,,,,,,,,
,,Rhode Island,17,17,4,2,2,1,0
,,South Carolina,43,40,21,6,4,5,0
,,South Dakota,5,5,2,0,0,0,0
,,State unassigned,831,804,129,36,21,28,2
,,Tennessee,58,56,27,12,8,6,3
,,Texas,517,473,262,86,41,71,5
,,Utah,44,41,21,7,5,4,0
,,Vermont,1,0,1,0,0,0,0
,,Virginia,339,326,128,43,33,38,2
,,Washington,246,235,107,36,23,27,1
,,West Virginia,7,6,3,2,1,2,0
,,Wisconsin,79,75,33,11,11,9,0
,,Wyoming,5,5,1,0,0,1,0
,American Indian/Alaska Native,All Donor States of Residence,1736,1661,677,345,198,162,13
,,Alabama,5,5,1,1,1,0,0
,,Alaska,135,134,78,32,29,17,1
,,Arizona,192,188,48,25,10,18,1
,,Arkansas,4,4,2,0,0,1,0
,,California,127,122,55,33,16,16,1
,,Colorado,30,27,17,13,3,7,1
,,Connecticut,5,5,2,2,2,2,0
,,Delaware,1,1,0,0,0,0,0
,,District of Columbia,1,1,0,0,0,0,0
,,Florida,26,26,16,8,6,2,0
,,Georgia,6,6,1,0,0,0,0
,,Hawaii,4,4,0,1,0,0,0
,,Idaho,18,17,7,6,2,1,1
,,Illinois,13,11,6,2,2,2,0
,,Indiana,4,4,2,1,0,0,0
,,Iowa,7,6,1,1,1,1,0
,,Kansas,16,15,10,6,4,6,1
,,Kentucky,3,2,2,1,1,0,0
,,Louisiana,10,9,3,2,2,0,0
,,Maine,1,1,0,0,0,0,0
,,Maryland,14,14,2,0,0,0,0
,,Massachusetts,7,7,4,3,1,0,0
,,Michigan,33,33,9,2,1,1,0
,,Minnesota,115,110,35,15,13,6,1
,,Mississippi,6,6,3,2,1,0,1
,,Missouri,20,16,13,5,3,3,0
,,Montana,70,68,20,11,6,4,1
,,,,,,,,,
,,Nebraska,15,15,7,5,2,0,0
,,Nevada,18,17,5,4,1,0,0
,,New Jersey,7,7,1,0,0,1,0
,,New Mexico,79,74,26,15,5,5,0
,,New York,34,31,9,8,2,2,0
,,North Carolina,98,93,47,20,15,13,2
,,North Dakota,75,75,13,9,9,5,1
,,Ohio,5,4,2,0,0,0,0
,,Oklahoma,179,167,93,39,14,17,0
,,Oregon,15,14,4,1,0,0,0
,,Pennsylvania,10,9,5,5,1,2,0
,,Rhode Island,5,5,0,0,0,0,0
,,South Carolina,5,5,2,2,1,1,1
,,South Dakota,81,76,43,21,20,9,0
,,State unassigned,16,15,4,2,1,1,0
,,Tennessee,7,6,5,3,2,0,0
,,Texas,38,35,12,6,2,4,0
,,Utah,19,18,5,5,0,0,0
,,Virginia,19,19,5,2,2,2,0
,,Washington,66,65,33,17,8,11,0
,,Wisconsin,63,60,14,6,8,2,0
,,Wyoming,9,9,5,3,1,0,0
,Pacific Islander,All Donor States of Residence,1248,1188,445,121,90,87,4
,,Alabama,1,0,1,1,0,0,0
,,Alaska,10,10,5,0,0,2,0
,,Arizona,14,14,3,1,0,0,0
,,Arkansas,6,6,4,1,0,0,0
,,California,395,376,119,42,21,39,1
,,Colorado,8,7,2,0,0,0,0
,,Connecticut,6,6,0,1,0,0,0
,,Delaware,1,1,0,0,0,0,0
,,District of Columbia,3,3,0,0,0,0,0
,,Florida,23,20,11,2,1,1,0
,,Georgia,10,9,3,2,0,2,0
,,Hawaii,273,261,151,21,32,7,0
,,Idaho,4,4,1,1,0,0,0
,,Illinois,30,28,9,1,3,0,0
,,Indiana,6,5,4,1,1,0,0
,,Kansas,4,4,1,1,1,0,0
,,Kentucky,4,4,1,1,0,0,0
,,Louisiana,1,1,0,0,0,0,0
,,,,,,,,,
,,Maryland,27,27,5,1,3,1,0
,,Massachusetts,4,4,0,0,0,0,0
,,Michigan,17,17,5,3,2,1,0
,,Minnesota,6,6,2,1,2,1,0
,,Mississippi,1,1,0,0,0,0,0
,,Missouri,9,9,6,4,2,3,0
,,Nevada,26,24,18,4,3,3,0
,,New Jersey,27,25,11,2,3,5,1
,,New Mexico,1,1,0,0,0,0,0
,,New York,44,41,11,0,1,2,0
,,North Carolina,4,4,1,1,0,1,0
,,North Dakota,1,1,0,0,0,0,0
,,Ohio,5,5,0,0,0,0,0
,,Oklahoma,7,7,3,2,1,1,0
,,Oregon,22,20,9,4,1,4,0
,,Pennsylvania,13,13,2,0,0,0,0
,,Rhode Island,3,2,2,1,1,0,0
,,South Carolina,6,6,1,1,1,0,0
,,South Dakota,2,2,2,0,2,0,0
,,State unassigned,107,99,10,1,0,3,0
,,Tennessee,4,4,4,2,1,3,1
,,Texas,34,33,9,4,1,3,0
,,Utah,18,17,7,4,0,2,0
,,Vermont,1,1,0,0,0,0,0
,,Virginia,15,15,3,3,1,2,0
,,Washington,41,41,17,5,4,0,1
,,Wisconsin,4,4,2,2,2,1,0
,Multiracial,All Donor States of Residence,2649,2409,1426,485,278,279,34
,,Alabama,10,10,6,3,0,2,0
,,Alaska,7,7,3,2,1,0,0
,,Arizona,49,49,21,14,4,4,1
,,Arkansas,7,7,1,4,0,0,0
,,California,425,404,215,87,38,39,1
,,Colorado,19,16,3,0,0,0,0
,,Connecticut,24,21,9,4,1,2,1
,,Delaware,4,4,4,3,3,2,1
,,District of Columbia,4,4,1,0,0,0,0
,,Florida,89,83,53,20,15,11,3
,,Georgia,35,33,15,11,3,1,4
,,Hawaii,98,96,38,2,7,0,0
,,Idaho,7,7,3,1,1,1,0
,,,,,,,,,
,,Illinois,70,65,12,8,2,2,1
,,Indiana,13,12,3,3,0,0,0
,,Iowa,2,2,0,0,0,0,0
,,Kansas,9,8,3,1,2,1,1
,,Kentucky,10,10,6,3,3,3,1
,,Louisiana,7,7,2,0,0,0,0
,,Maine,5,5,3,2,0,0,0
,,Maryland,41,40,10,3,4,2,0
,,Massachusetts,35,33,16,7,2,0,1
,,Michigan,31,31,4,3,1,2,0
,,Minnesota,23,20,7,4,3,2,2
,,Mississippi,4,3,3,0,1,0,0
,,Missouri,17,16,7,3,0,0,0
,,Montana,3,3,2,0,1,0,0
,,Nebraska,6,6,3,2,1,1,0
,,Nevada,28,24,15,5,4,5,0
,,New Hampshire,3,3,2,2,1,1,0
,,New Jersey,50,50,22,13,5,7,0
,,New Mexico,15,14,5,2,0,0,1
,,New York,256,214,141,60,27,13,5
,,North Carolina,40,38,12,5,1,5,0
,,North Dakota,4,4,1,1,1,0,0
,,Ohio,51,48,13,6,6,5,1
,,Oklahoma,13,12,5,4,2,0,0
,,Oregon,19,17,8,3,1,2,0
,,Pennsylvania,55,54,28,15,5,10,0
,,Puerto Rico,684,585,583,114,107,138,7
,,Rhode Island,3,3,1,1,0,0,0
,,South Carolina,15,14,8,3,0,2,0
,,South Dakota,9,9,2,0,0,0,0
,,State unassigned,62,59,17,7,4,0,0
,,Tennessee,15,13,7,3,2,2,0
,,Texas,125,103,53,20,8,6,1
,,Utah,17,17,4,1,0,0,0
,,Virginia,34,32,12,7,4,2,0
,,Washington,70,67,27,17,6,6,1
,,West Virginia,2,2,0,0,0,0,0
,,Wisconsin,25,25,7,6,1,0,1
Deceased Donor,All Ethnicities,All Donor States of Residence,222013,203365,179950,78066,46502,39371,3386
,,Alabama,3750,3452,3091,1191,602,569,36
,,Alaska,622,604,490,209,150,128,1
,,,,,,,,,
,,Arizona,3771,3593,3106,1339,687,729,45
,,Arkansas,2056,1905,1741,811,418,366,56
,,California,22206,20749,18029,8556,4221,4350,156
,,Colorado,2937,2753,2404,1210,756,489,41
,,Connecticut,1966,1846,1546,725,353,271,21
,,Delaware,1027,940,831,328,203,199,13
,,District of Columbia,560,502,455,185,156,111,8
,,Florida,14567,13009,11843,4587,2680,2389,388
,,Georgia,6486,5610,5469,2366,979,1168,117
,,Hawaii,791,762,576,69,109,32,1
,,Idaho,930,883,753,372,201,148,15
,,Illinois,9630,8705,7468,3052,2651,1846,139
,,Indiana,4736,4386,4062,1950,1217,1002,201
,,Iowa,1949,1847,1623,719,559,348,38
,,Kansas,2568,2378,2111,937,658,496,51
,,Kentucky,2927,2734,2446,1091,699,541,47
,,Louisiana,4044,3573,3613,1498,984,820,75
,,Maine,934,888,718,336,207,126,17
,,Maryland,4570,4184,3787,1436,1161,1004,54
,,Massachusetts,3717,3476,2761,1242,614,502,33
,,Michigan,7804,7232,5822,2548,1425,1548,153
,,Minnesota,3396,3185,2866,1304,1383,686,86
,,Mississippi,2122,1955,1694,720,395,313,63
,,Missouri,5445,4797,4569,1863,1127,1214,102
,,Montana,676,643,554,294,171,103,11
,,Nebraska,1283,1200,1099,443,422,225,35
,,Nevada,1992,1836,1648,706,310,336,21
,,New Hampshire,793,745,605,270,157,135,3
,,New Jersey,5640,5231,4392,1803,1096,780,43
,,New Mexico,1459,1363,1152,543,201,194,18
,,New York,11042,9458,8959,3344,1761,1111,140
,,North Carolina,6264,5749,4985,2437,1520,1319,127
,,North Dakota,464,440,380,171,181,76,13
,,Ohio,8889,8211,7199,2999,2374,1666,137
,,Oklahoma,3061,2836,2400,1094,392,451,31
,,Oregon,2031,1953,1667,761,414,264,10
,,Pennsylvania,12791,11770,10447,4008,2689,2259,177
,,Puerto Rico,1879,1635,1526,355,244,245,29
,,Rhode Island,502,468,356,178,102,58,4
,,South Carolina,3659,3404,3172,1413,760,732,51
,,South Dakota,557,530,487,202,232,124,16
,,,,,,,,,
,,State unassigned,3170,2945,2310,1273,636,449,25
,,Tennessee,5244,4765,4417,2090,1155,970,129
,,Texas,17342,15560,13995,6829,2615,3458,207
,,Utah,1727,1613,1363,702,375,254,13
,,Vermont,398,381,316,138,85,61,3
,,Virginia,4974,4664,4058,1761,915,912,75
,,Washington,3480,3325,2738,1214,723,595,26
,,West Virginia,1603,1483,1367,495,375,269,42
,,Wisconsin,5163,4813,4138,1715,1890,857,42
,,Wyoming,419,396,346,184,112,73,1
,White,All Donor States of Residence,156216,145100,125159,53945,33316,25807,2145
,,Alabama,2800,2621,2271,879,440,398,24
,,Alaska,453,437,357,154,107,94,0
,,Arizona,2598,2485,2115,884,451,469,23
,,Arkansas,1667,1573,1413,651,338,287,42
,,California,11407,10776,9150,4219,2121,1890,56
,,Colorado,2284,2159,1867,945,612,374,32
,,Connecticut,1474,1403,1127,515,250,184,11
,,Delaware,805,754,635,251,146,143,5
,,District of Columbia,81,77,65,24,21,17,1
,,Florida,10085,9066,8038,3047,1706,1520,194
,,Georgia,4132,3678,3423,1527,650,680,69
,,Hawaii,260,255,165,29,39,13,0
,,Idaho,844,803,685,335,183,131,11
,,Illinois,6305,5823,4730,1911,1702,1095,80
,,Indiana,3966,3708,3387,1623,994,817,161
,,Iowa,1811,1724,1508,662,527,313,29
,,Kansas,2138,1985,1740,763,545,385,42
,,Kentucky,2606,2440,2162,968,611,466,40
,,Louisiana,2635,2414,2356,1026,698,530,46
,,Maine,904,861,691,322,198,122,15
,,Maryland,2832,2651,2298,851,698,556,31
,,Massachusetts,3061,2874,2235,977,476,387,22
,,Michigan,6299,5926,4605,2009,1146,1183,108
,,Minnesota,3082,2903,2592,1170,1262,610,78
,,Mississippi,1439,1349,1129,487,272,177,41
,,Missouri,4389,3942,3657,1498,931,933,73
,,Montana,621,592,511,275,158,94,10
,,Nebraska,1105,1036,946,375,381,190,29
,,Nevada,1354,1267,1123,474,212,192,13
,,New Hampshire,750,708,570,251,148,123,3
,,,,,,,,,
,,New Jersey,3605,3387,2728,1083,669,442,20
,,New Mexico,735,683,584,252,101,96,7
,,New York,6670,5879,5308,1912,1074,649,75
,,North Carolina,4516,4200,3526,1726,1092,857,66
,,North Dakota,431,407,353,155,168,66,11
,,Ohio,7455,6956,5963,2468,1959,1315,110
,,Oklahoma,2523,2346,1967,899,312,352,25
,,Oregon,1816,1750,1493,660,369,222,9
,,Pennsylvania,10323,9601,8384,3172,2180,1733,144
,,Puerto Rico,18,14,11,3,0,0,1
,,Rhode Island,419,392,296,148,86,52,2
,,South Carolina,2571,2438,2203,1023,555,459,31
,,South Dakota,484,464,422,172,202,104,15
,,State unassigned,1600,1508,1105,619,283,183,5
,,Tennessee,4232,3885,3533,1674,900,735,91
,,Texas,9888,8985,7886,3799,1502,1764,94
,,Utah,1528,1428,1214,620,341,223,12
,,Vermont,388,373,310,135,84,59,3
,,Virginia,3529,3333,2875,1262,656,603,43
,,Washington,2887,2764,2251,985,604,478,18
,,West Virginia,1500,1393,1275,451,348,243,40
,,Wisconsin,4517,4252,3598,1454,1701,729,33
,,Wyoming,394,372,323,171,107,70,1
,Black,All Donor States of Residence,31290,26758,26810,10963,6472,6672,655
,,Alabama,874,760,759,275,150,158,9
,,Alaska,23,23,20,7,8,6,0
,,Arizona,196,172,174,66,30,43,1
,,Arkansas,308,257,267,127,64,67,13
,,California,1926,1736,1671,725,370,433,16
,,Colorado,149,125,135,64,34,34,0
,,Connecticut,194,171,168,71,35,32,3
,,Delaware,164,133,147,52,38,40,6
,,District of Columbia,445,394,361,146,122,85,6
,,Florida,2065,1749,1818,709,457,435,84
,,Georgia,1939,1563,1694,652,251,394,35
,,Hawaii,8,7,5,0,1,1,0
,,Idaho,11,11,10,4,5,1,1
,,Illinois,2187,1854,1862,717,617,488,42
,,Indiana,580,499,513,247,166,145,31
,,Iowa,69,60,58,32,16,17,5
,,Kansas,174,155,158,65,39,45,3
,,,,,,,,,
,,Kentucky,256,234,225,91,66,62,6
,,Louisiana,1281,1050,1151,415,262,269,28
,,Maine,12,9,11,4,4,1,0
,,Maryland,1428,1234,1228,482,375,355,15
,,Massachusetts,215,193,169,83,39,40,3
,,Michigan,1210,1038,986,431,237,292,40
,,Minnesota,137,122,123,58,59,35,1
,,Mississippi,635,563,529,214,117,130,20
,,Missouri,874,703,760,301,159,233,23
,,Montana,4,3,4,1,2,1,0
,,Nebraska,82,74,72,29,24,17,0
,,Nevada,177,152,151,56,25,34,1
,,New Hampshire,16,12,14,8,5,4,0
,,New Jersey,919,809,767,302,187,139,15
,,New Mexico,40,37,37,14,6,5,0
,,New York,1869,1466,1601,589,300,200,31
,,North Carolina,1376,1198,1148,536,328,353,45
,,North Dakota,7,7,7,3,1,3,1
,,Ohio,1230,1068,1069,445,351,305,20
,,Oklahoma,254,229,206,91,34,50,4
,,Oregon,36,33,30,18,6,4,0
,,Pennsylvania,1687,1468,1419,546,356,346,22
,,Puerto Rico,2,2,1,1,1,1,0
,,Rhode Island,26,25,15,7,1,1,0
,,South Carolina,949,835,846,325,174,239,19
,,South Dakota,12,9,11,7,3,7,1
,,State unassigned,343,306,269,132,65,56,6
,,Tennessee,814,701,705,306,195,180,27
,,Texas,2355,1960,1984,870,359,528,36
,,Utah,19,16,15,7,3,3,0
,,Vermont,8,6,5,2,1,1,0
,,Virginia,1076,985,883,370,163,218,26
,,Washington,140,130,122,57,34,31,3
,,West Virginia,86,74,76,35,19,20,2
,,Wisconsin,398,333,346,164,108,84,5
,,Wyoming,5,5,5,4,0,1,0
,Hispanic,All Donor States of Residence,26660,24351,21550,10971,5389,5370,476
,,Alabama,42,40,35,25,7,8,2
,,Alaska,14,13,11,7,2,2,0
,,Arizona,832,795,706,331,184,182,19
,,Arkansas,59,54,42,23,14,8,1
,,,,,,,,,
,,California,6886,6403,5558,3071,1453,1595,72
,,Colorado,424,397,335,174,101,66,8
,,Connecticut,260,238,221,120,59,45,6
,,Delaware,41,38,35,19,14,11,1
,,District of Columbia,30,28,25,12,11,7,0
,,Florida,2135,1946,1751,751,472,379,102
,,Georgia,309,275,263,152,64,69,7
,,Hawaii,16,16,12,1,3,1,0
,,Idaho,61,55,46,25,10,13,2
,,Illinois,935,855,721,376,295,218,15
,,Indiana,145,138,123,67,45,33,8
,,Iowa,46,41,38,19,11,11,3
,,Kansas,214,198,175,91,62,54,3
,,Kentucky,43,39,40,23,15,7,0
,,Louisiana,87,70,72,42,13,17,1
,,Maine,11,11,9,7,4,2,2
,,Maryland,180,177,154,73,61,57,7
,,Massachusetts,361,335,287,157,84,62,6
,,Michigan,199,175,164,80,29,47,3
,,Minnesota,87,81,76,40,31,17,2
,,Mississippi,29,25,22,12,3,3,0
,,Missouri,114,95,93,42,25,29,3
,,Montana,16,15,13,5,3,4,0
,,Nebraska,67,62,59,31,10,12,6
,,Nevada,323,298,256,140,53,69,7
,,New Hampshire,17,16,15,6,3,5,0
,,New Jersey,874,814,699,359,201,154,6
,,New Mexico,632,594,492,257,89,87,10
,,New York,2032,1707,1668,714,309,216,25
,,North Carolina,255,239,211,132,72,77,13
,,North Dakota,7,7,5,3,2,2,0
,,Ohio,123,115,104,62,40,29,4
,,Oklahoma,135,125,107,51,28,30,1
,,Oregon,117,113,92,62,30,23,1
,,Pennsylvania,617,549,511,235,129,137,10
,,Puerto Rico,1195,1054,931,237,136,106,21
,,Rhode Island,46,41,38,19,12,4,2
,,South Carolina,104,99,92,53,24,26,0
,,South Dakota,7,6,7,2,5,4,0
,,State unassigned,925,849,700,428,229,168,9
,,Tennessee,148,133,136,89,47,44,7
,,,,,,,,,
,,Texas,4706,4271,3796,2033,700,1081,71
,,Utah,133,125,99,58,26,22,1
,,Vermont,1,1,1,1,0,1,0
,,Virginia,191,179,156,74,56,47,4
,,Washington,222,212,181,95,43,42,2
,,West Virginia,15,14,14,7,7,4,0
,,Wisconsin,179,163,141,72,59,32,3
,,Wyoming,13,12,12,6,4,1,0
,Unknown,All Donor States of Residence,217,201,167,83,51,20,4
,,Alabama,2,2,1,0,0,0,0
,,Arizona,2,2,1,0,1,0,0
,,California,9,7,8,4,2,2,0
,,Colorado,1,1,1,1,0,0,0
,,Connecticut,2,2,0,2,1,0,0
,,Florida,20,16,17,5,3,2,1
,,Georgia,2,2,2,0,0,0,0
,,Hawaii,3,3,3,0,0,0,0
,,Illinois,2,1,2,0,1,0,0
,,Indiana,1,1,1,0,0,0,0
,,Kansas,1,1,1,0,0,0,0
,,Louisiana,1,1,1,1,0,0,0
,,Massachusetts,4,4,2,2,1,0,0
,,Minnesota,1,1,1,1,1,0,0
,,New Jersey,2,2,2,2,2,1,0
,,New York,4,4,2,1,1,0,0
,,North Carolina,2,2,2,1,1,0,0
,,Ohio,2,2,1,1,0,0,0
,,Pennsylvania,1,1,1,0,0,0,0
,,South Carolina,1,1,0,0,1,0,0
,,State unassigned,121,115,97,48,33,14,3
,,Tennessee,1,1,1,1,0,0,0
,,Texas,27,25,16,11,2,1,0
,,Vermont,1,1,0,0,0,0,0
,,Washington,4,3,4,2,1,0,0
,Asian,All Donor States of Residence,4645,4244,3815,1153,708,976,55
,,Alabama,22,20,17,7,4,3,1
,,Alaska,20,20,16,7,3,7,0
,,Arizona,42,41,39,18,7,13,0
,,Arkansas,12,11,12,5,2,3,0
,,California,1527,1407,1266,375,200,337,9
,,Colorado,56,52,47,13,6,8,0
,,,,,,,,,
,,Connecticut,22,21,19,10,5,6,0
,,Delaware,13,11,10,3,2,3,0
,,District of Columbia,3,2,3,3,2,2,1
,,Florida,168,146,140,45,20,39,4
,,Georgia,82,73,68,22,11,22,2
,,Hawaii,264,250,207,15,27,10,1
,,Idaho,2,2,2,0,0,1,0
,,Illinois,167,144,129,37,29,41,1
,,Indiana,34,31,30,8,11,7,1
,,Iowa,20,20,18,5,4,6,1
,,Kansas,26,25,24,10,5,5,1
,,Kentucky,11,11,10,4,3,3,0
,,Louisiana,33,31,29,12,9,4,0
,,Maine,4,4,4,1,1,1,0
,,Maryland,109,102,90,26,20,33,1
,,Massachusetts,55,50,49,13,11,13,1
,,Michigan,65,62,49,20,9,22,2
,,Minnesota,41,35,33,15,12,15,2
,,Mississippi,11,10,9,5,1,3,1
,,Missouri,38,32,33,10,7,13,3
,,Montana,4,4,4,2,1,0,0
,,Nebraska,16,15,12,1,4,5,0
,,Nevada,98,83,83,23,12,33,0
,,New Hampshire,8,7,4,3,0,2,0
,,New Jersey,202,183,162,42,29,31,1
,,New Mexico,12,11,12,3,0,1,0
,,New York,292,255,239,60,47,29,4
,,North Carolina,51,50,41,16,11,13,1
,,North Dakota,2,2,1,0,0,0,0
,,Ohio,61,55,48,17,18,12,2
,,Oklahoma,27,26,20,8,1,1,1
,,Oregon,39,38,32,13,7,9,0
,,Pennsylvania,121,110,98,35,18,31,1
,,Rhode Island,7,7,4,2,2,1,0
,,South Carolina,23,21,20,6,4,5,0
,,South Dakota,3,3,2,0,0,0,0
,,State unassigned,148,139,114,36,21,25,2
,,Tennessee,31,29,27,12,8,6,3
,,Texas,297,260,255,86,41,71,5
,,Utah,24,22,20,7,5,4,0
,,Virginia,154,144,125,43,33,38,2
,,,,,,,,,
,,Washington,133,125,104,36,23,27,1
,,West Virginia,2,2,2,2,1,2,0
,,Wisconsin,41,38,32,11,11,9,0
,,Wyoming,2,2,1,0,0,1,0
,American Indian/Alaska Native,All Donor States of Residence,872,817,657,345,198,162,13
,,Alabama,2,2,1,1,1,0,0
,,Alaska,104,103,78,32,29,17,1
,,Arizona,72,69,47,25,10,18,1
,,Arkansas,2,2,2,0,0,1,0
,,California,76,71,55,33,16,16,1
,,Colorado,21,18,17,13,3,7,1
,,Connecticut,3,3,2,2,2,2,0
,,Florida,17,17,16,8,6,2,0
,,Georgia,1,1,1,0,0,0,0
,,Hawaii,2,2,0,1,0,0,0
,,Idaho,8,8,6,6,2,1,1
,,Illinois,9,7,6,2,2,2,0
,,Indiana,3,3,2,1,0,0,0
,,Iowa,3,2,1,1,1,1,0
,,Kansas,12,11,10,6,4,6,1
,,Kentucky,3,2,2,1,1,0,0
,,Louisiana,5,5,2,2,2,0,0
,,Maryland,4,4,2,0,0,0,0
,,Massachusetts,5,5,4,3,1,0,0
,,Michigan,16,16,9,2,1,1,0
,,Minnesota,39,36,33,15,13,6,1
,,Mississippi,5,5,3,2,1,0,1
,,Missouri,15,11,13,5,3,3,0
,,Montana,29,27,20,11,6,4,1
,,Nebraska,10,10,7,5,2,0,0
,,Nevada,8,8,4,4,1,0,0
,,New Jersey,1,1,1,0,0,1,0
,,New Mexico,35,33,23,15,5,5,0
,,New York,16,15,7,8,2,2,0
,,North Carolina,51,48,45,20,15,13,2
,,North Dakota,16,16,13,9,9,5,1
,,Ohio,2,1,2,0,0,0,0
,,Oklahoma,113,102,92,39,14,17,0
,,Oregon,6,5,4,1,0,0,0
,,Pennsylvania,7,6,5,5,1,2,0
,,South Carolina,2,2,2,2,1,1,1
,,,,,,,,,
,,South Dakota,47,44,41,21,20,9,0
,,State unassigned,5,5,3,2,1,1,0
,,Tennessee,7,6,5,3,2,0,0
,,Texas,14,12,11,6,2,4,0
,,Utah,8,7,5,5,0,0,0
,,Virginia,6,6,5,2,2,2,0
,,Washington,42,41,33,17,8,11,0
,,Wisconsin,15,14,12,6,8,2,0
,,Wyoming,5,5,5,3,1,0,0
,Pacific Islander,All Donor States of Residence,530,488,429,121,90,85,4
,,Alabama,1,0,1,1,0,0,0
,,Alaska,5,5,5,0,0,2,0
,,Arizona,5,5,3,1,0,0,0
,,Arkansas,4,4,4,1,0,0,0
,,California,139,125,115,42,21,38,1
,,Colorado,2,1,2,0,0,0,0
,,Connecticut,1,1,0,1,0,0,0
,,Florida,14,11,11,2,1,1,0
,,Georgia,3,2,3,2,0,2,0
,,Hawaii,194,187,146,21,32,7,0
,,Idaho,1,1,1,1,0,0,0
,,Illinois,11,10,8,1,3,0,0
,,Indiana,3,3,3,1,1,0,0
,,Kansas,1,1,1,1,1,0,0
,,Kentucky,2,2,1,1,0,0,0
,,Maryland,5,5,5,1,3,1,0
,,Michigan,7,7,5,3,2,1,0
,,Minnesota,2,2,2,1,2,1,0
,,Mississippi,1,1,0,0,0,0,0
,,Missouri,7,7,6,4,2,3,0
,,Nevada,18,16,18,4,3,3,0
,,New Jersey,13,11,11,2,3,5,1
,,New York,10,9,9,0,1,2,0
,,North Carolina,1,1,1,1,0,1,0
,,Ohio,1,1,0,0,0,0,0
,,Oklahoma,3,3,3,2,1,1,0
,,Oregon,10,8,9,4,1,4,0
,,Pennsylvania,2,2,2,0,0,0,0
,,Rhode Island,2,1,2,1,1,0,0
,,South Carolina,1,1,1,1,1,0,0
,,South Dakota,2,2,2,0,2,0,0
,,,,,,,,,
,,State unassigned,9,4,8,1,0,2,0
,,Tennessee,4,4,4,2,1,3,1
,,Texas,10,9,9,4,1,3,0
,,Utah,9,9,6,4,0,2,0
,,Virginia,5,5,3,3,1,2,0
,,Washington,20,20,17,5,4,0,1
,,Wisconsin,2,2,2,2,2,1,0
,Multiracial,All Donor States of Residence,1583,1406,1363,485,278,279,34
,,Alabama,7,7,6,3,0,2,0
,,Alaska,3,3,3,2,1,0,0
,,Arizona,24,24,21,14,4,4,1
,,Arkansas,4,4,1,4,0,0,0
,,California,236,224,206,87,38,39,1
,,Connecticut,10,7,9,4,1,2,1
,,Delaware,4,4,4,3,3,2,1
,,District of Columbia,1,1,1,0,0,0,0
,,Florida,63,58,52,20,15,11,3
,,Georgia,18,16,15,11,3,1,4
,,Hawaii,44,42,38,2,7,0,0
,,Idaho,3,3,3,1,1,1,0
,,Illinois,14,11,10,8,2,2,1
,,Indiana,4,3,3,3,0,0,0
,,Kansas,2,2,2,1,2,1,1
,,Kentucky,6,6,6,3,3,3,1
,,Louisiana,2,2,2,0,0,0,0
,,Maine,3,3,3,2,0,0,0
,,Maryland,12,11,10,3,4,2,0
,,Massachusetts,16,15,15,7,2,0,1
,,Michigan,8,8,4,3,1,2,0
,,Minnesota,7,5,6,4,3,2,2
,,Mississippi,2,2,2,0,1,0,0
,,Missouri,8,7,7,3,0,0,0
,,Montana,2,2,2,0,1,0,0
,,Nebraska,3,3,3,2,1,1,0
,,Nevada,14,12,13,5,4,5,0
,,New Hampshire,2,2,2,2,1,1,0
,,New Jersey,24,24,22,13,5,7,0
,,New Mexico,5,5,4,2,0,0,1
,,New York,149,123,125,60,27,13,5
,,North Carolina,12,11,11,5,1,5,0
,,North Dakota,1,1,1,1,1,0,0
,,,,,,,,,
,,Ohio,15,13,12,6,6,5,1
,,Oklahoma,6,5,5,4,2,0,0
,,Oregon,7,6,7,3,1,2,0
,,Pennsylvania,33,33,27,15,5,10,0
,,Puerto Rico,664,565,583,114,107,138,7
,,Rhode Island,2,2,1,1,0,0,0
,,South Carolina,8,7,8,3,0,2,0
,,South Dakota,2,2,2,0,0,0,0
,,State unassigned,19,19,14,7,4,0,0
,,Tennessee,7,6,6,3,2,2,0
,,Texas,45,38,38,20,8,6,1
,,Utah,6,6,4,1,0,0,0
,,Virginia,13,12,11,7,4,2,0
,,Washington,32,30,26,17,6,6,1
,,Wisconsin,11,11,7,6,1,0,1
Living Donor,All Ethnicities,All Donor States of Residence,165076,157281,7210,43,72,478,44
,,Alabama,2588,2562,20,2,1,3,0
,,Alaska,386,375,9,1,0,1,0
,,Arizona,3236,3073,136,2,0,25,0
,,Arkansas,1065,1033,25,0,1,6,0
,,California,17042,16025,876,9,1,129,2
,,Colorado,2799,2601,192,0,0,5,1
,,Connecticut,2095,1975,118,0,1,2,0
,,Delaware,472,446,26,0,1,0,0
,,District of Columbia,474,453,20,0,0,1,0
,,Florida,6207,6055,131,1,2,19,0
,,Georgia,4071,3971,93,1,2,4,0
,,Hawaii,512,494,18,0,0,0,0
,,Idaho,746,718,26,2,0,0,0
,,Illinois,8361,7898,438,0,8,6,20
,,Indiana,3159,3081,66,0,1,8,3
,,Iowa,1876,1819,51,0,2,5,1
,,Kansas,1088,1053,30,0,1,5,0
,,Kentucky,1829,1787,40,0,2,1,0
,,Louisiana,1906,1863,39,0,0,2,2
,,Maine,836,761,65,0,1,10,0
,,Maryland,4371,4120,248,0,1,3,0
,,Massachusetts,4230,3892,302,0,1,34,1
,,Michigan,6589,6366,214,1,0,7,1
,,Minnesota,5078,4832,225,3,20,11,4
,,Mississippi,1014,978,32,1,0,3,0
,,,,,,,,,
,,Missouri,2505,2439,62,0,0,4,0
,,Montana,560,535,23,1,0,1,0
,,Nebraska,1029,983,40,0,0,6,0
,,Nevada,980,933,39,0,0,8,0
,,New Hampshire,894,830,59,0,0,5,0
,,New Jersey,5532,5304,224,0,0,4,0
,,New Mexico,869,836,32,0,0,0,1
,,New York,11562,10641,904,0,2,16,0
,,North Carolina,3923,3777,136,1,0,9,0
,,North Dakota,565,545,19,0,1,0,1
,,Ohio,7057,6822,223,1,3,9,0
,,Oklahoma,1273,1240,30,0,0,3,0
,,Oregon,1782,1728,42,4,0,8,0
,,Pennsylvania,7141,6572,554,0,4,12,1
,,Puerto Rico,858,816,41,0,1,1,0
,,Rhode Island,727,686,37,0,0,4,0
,,South Carolina,1724,1682,38,0,0,4,0
,,South Dakota,554,536,18,0,1,0,0
,,State unassigned,4658,4335,286,6,4,28,1
,,Tennessee,2837,2770,63,0,1,4,0
,,Texas,10795,10504,262,2,1,25,2
,,Utah,1769,1700,63,1,0,5,0
,,Vermont,400,365,34,0,0,1,0
,,Virginia,5033,4734,285,1,1,10,3
,,Washington,2945,2868,67,3,0,7,0
,,West Virginia,826,745,78,0,2,2,0
,,Wisconsin,3981,3873,97,0,5,10,0
,,Wyoming,267,251,14,0,0,2,0
,White,All Donor States of Residence,116891,110789,5590,42,60,423,26
,,Alabama,1914,1889,19,2,1,3,0
,,Alaska,317,308,7,1,0,1,0
,,Arizona,2204,2072,107,2,0,23,0
,,Arkansas,867,837,23,0,1,6,0
,,California,8880,8287,480,8,0,104,1
,,Colorado,2196,2034,157,0,0,4,1
,,Connecticut,1638,1533,103,0,1,2,0
,,Delaware,356,336,20,0,1,0,0
,,District of Columbia,180,169,10,0,0,1,0
,,Florida,4261,4141,100,1,1,19,0
,,Georgia,2758,2677,74,1,2,4,0
,,Hawaii,183,174,9,0,0,0,0
,,,,,,,,,
,,Idaho,681,656,23,2,0,0,0
,,Illinois,5228,4884,331,0,5,3,9
,,Indiana,2730,2660,60,0,1,6,3
,,Iowa,1771,1716,49,0,2,5,1
,,Kansas,948,916,27,0,1,5,0
,,Kentucky,1669,1629,38,0,2,1,0
,,Louisiana,1263,1236,23,0,0,2,2
,,Maine,800,729,61,0,1,10,0
,,Maryland,2557,2371,183,0,0,3,0
,,Massachusetts,3538,3234,268,0,1,34,1
,,Michigan,5372,5175,189,1,0,7,0
,,Minnesota,4551,4324,208,3,18,10,3
,,Mississippi,745,712,30,1,0,2,0
,,Missouri,2154,2094,56,0,0,4,0
,,Montana,510,485,23,1,0,1,0
,,Nebraska,929,883,40,0,0,6,0
,,Nevada,692,662,25,0,0,5,0
,,New Hampshire,859,796,58,0,0,5,0
,,New Jersey,3588,3403,182,0,0,3,0
,,New Mexico,435,417,17,0,0,0,1
,,New York,7241,6602,623,0,2,15,0
,,North Carolina,2846,2724,112,1,0,9,0
,,North Dakota,485,465,19,0,1,0,1
,,Ohio,6012,5790,210,1,3,9,0
,,Oklahoma,1045,1017,25,0,0,3,0
,,Oregon,1589,1539,38,4,0,8,0
,,Pennsylvania,6036,5503,521,0,4,9,1
,,Puerto Rico,43,42,0,0,0,1,0
,,Rhode Island,614,578,32,0,0,4,0
,,South Carolina,1305,1273,28,0,0,4,0
,,South Dakota,497,481,16,0,1,0,0
,,State unassigned,1815,1617,168,6,2,22,0
,,Tennessee,2262,2209,50,0,1,3,0
,,Texas,5752,5557,170,2,1,21,1
,,Utah,1594,1529,60,1,0,4,0
,,Vermont,388,354,33,0,0,1,0
,,Virginia,3468,3207,249,1,0,10,1
,,Washington,2479,2409,60,3,0,7,0
,,West Virginia,783,704,76,0,2,2,0
,,Wisconsin,3614,3516,87,0,5,10,0
,,Wyoming,249,234,13,0,0,2,0
,,,,,,,,,
,Black,All Donor States of Residence,19094,18693,385,0,5,6,9
,,Alabama,620,619,1,0,0,0,0
,,Alaska,17,16,1,0,0,0,0
,,Arizona,135,132,3,0,0,0,0
,,Arkansas,161,160,1,0,0,0,0
,,California,1154,1119,31,0,1,2,1
,,Colorado,97,93,4,0,0,0,0
,,Connecticut,184,179,5,0,0,0,0
,,Delaware,95,90,5,0,0,0,0
,,District of Columbia,244,236,8,0,0,0,0
,,Florida,788,779,8,0,1,0,0
,,Georgia,1033,1021,12,0,0,0,0
,,Hawaii,10,10,0,0,0,0,0
,,Idaho,8,8,0,0,0,0,0
,,Illinois,1382,1347,31,0,0,0,5
,,Indiana,250,246,2,0,0,2,0
,,Iowa,47,47,0,0,0,0,0
,,Kansas,59,58,1,0,0,0,0
,,Kentucky,117,116,1,0,0,0,0
,,Louisiana,561,550,11,0,0,0,0
,,Maine,18,16,2,0,0,0,0
,,Maryland,1463,1415,48,0,1,0,0
,,Massachusetts,253,246,7,0,0,0,0
,,Michigan,871,855,15,0,0,0,1
,,Minnesota,201,195,5,0,1,0,1
,,Mississippi,249,248,1,0,0,0,0
,,Missouri,257,254,3,0,0,0,0
,,Montana,2,2,0,0,0,0,0
,,Nebraska,38,38,0,0,0,0,0
,,Nevada,82,82,0,0,0,0,0
,,New Hampshire,7,7,0,0,0,0,0
,,New Jersey,782,777,5,0,0,0,0
,,New Mexico,13,13,0,0,0,0,0
,,New York,1678,1611,67,0,0,0,0
,,North Carolina,861,846,15,0,0,0,0
,,North Dakota,5,5,0,0,0,0,0
,,Ohio,837,829,8,0,0,0,0
,,Oklahoma,87,86,1,0,0,0,0
,,Oregon,21,21,0,0,0,0,0
,,Pennsylvania,690,676,14,0,0,0,0
,,Puerto Rico,5,5,0,0,0,0,0
,,,,,,,,,
,,Rhode Island,37,36,1,0,0,0,0
,,South Carolina,352,345,7,0,0,0,0
,,South Dakota,1,1,0,0,0,0,0
,,State unassigned,402,386,16,0,1,0,0
,,Tennessee,471,461,9,0,0,1,0
,,Texas,1046,1036,10,0,0,0,0
,,Utah,8,7,0,0,0,1,0
,,Vermont,3,3,0,0,0,0,0
,,Virginia,1102,1081,20,0,0,0,1
,,Washington,102,100,2,0,0,0,0
,,West Virginia,32,32,0,0,0,0,0
,,Wisconsin,156,152,4,0,0,0,0
,Hispanic,All Donor States of Residence,21197,20238,912,1,4,39,9
,,Alabama,30,30,0,0,0,0,0
,,Alaska,7,7,0,0,0,0,0
,,Arizona,684,658,24,0,0,2,0
,,Arkansas,20,20,0,0,0,0,0
,,California,5070,4776,273,1,0,20,0
,,Colorado,428,400,27,0,0,1,0
,,Connecticut,210,202,8,0,0,0,0
,,Delaware,12,12,0,0,0,0,0
,,District of Columbia,26,25,1,0,0,0,0
,,Florida,1003,984,19,0,0,0,0
,,Georgia,173,167,6,0,0,0,0
,,Hawaii,16,15,1,0,0,0,0
,,Idaho,38,36,2,0,0,0,0
,,Illinois,1455,1381,66,0,2,3,6
,,Indiana,137,135,2,0,0,0,0
,,Iowa,44,42,2,0,0,0,0
,,Kansas,58,57,1,0,0,0,0
,,Kentucky,24,23,1,0,0,0,0
,,Louisiana,41,38,3,0,0,0,0
,,Maine,10,9,1,0,0,0,0
,,Maryland,166,157,9,0,0,0,0
,,Massachusetts,303,284,19,0,0,0,0
,,Michigan,207,198,9,0,0,0,0
,,Minnesota,118,110,8,0,0,0,0
,,Mississippi,8,7,0,0,0,1,0
,,Missouri,48,46,2,0,0,0,0
,,Montana,6,6,0,0,0,0,0
,,Nebraska,50,50,0,0,0,0,0
,,,,,,,,,
,,Nevada,126,115,10,0,0,1,0
,,New Hampshire,19,19,0,0,0,0,0
,,New Jersey,834,804,29,0,0,1,0
,,New Mexico,359,349,10,0,0,0,0
,,New York,2035,1887,147,0,0,1,0
,,North Carolina,105,102,3,0,0,0,0
,,North Dakota,9,9,0,0,0,0,0
,,Ohio,113,109,4,0,0,0,0
,,Oklahoma,56,53,3,0,0,0,0
,,Oregon,97,94,3,0,0,0,0
,,Pennsylvania,271,256,12,0,0,3,0
,,Puerto Rico,788,747,41,0,1,0,0
,,Rhode Island,59,55,4,0,0,0,0
,,South Carolina,30,28,2,0,0,0,0
,,South Dakota,13,13,0,0,0,0,0
,,State unassigned,1532,1450,79,0,0,2,1
,,Tennessee,68,65,3,0,0,0,0
,,Texas,3646,3583,59,0,0,4,1
,,Utah,115,114,1,0,0,0,0
,,Vermont,7,7,0,0,0,0,0
,,Virginia,234,221,12,0,1,0,1
,,Washington,167,166,1,0,0,0,0
,,West Virginia,4,3,1,0,0,0,0
,,Wisconsin,107,104,3,0,0,0,0
,,Wyoming,11,10,1,0,0,0,0
,Unknown,All Donor States of Residence,111,108,2,0,1,1,0
,,California,2,2,0,0,0,0,0
,,Colorado,1,1,0,0,0,0,0
,,Florida,4,4,0,0,0,0,0
,,Georgia,1,1,0,0,0,0,0
,,Hawaii,2,2,0,0,0,0,0
,,Illinois,1,1,0,0,0,0,0
,,Maryland,3,3,0,0,0,0,0
,,Michigan,3,3,0,0,0,0,0
,,Minnesota,5,4,0,0,0,1,0
,,New Jersey,1,1,0,0,0,0,0
,,New York,2,2,0,0,0,0,0
,,Ohio,1,1,0,0,0,0,0
,,Puerto Rico,1,1,0,0,0,0,0
,,South Carolina,2,2,0,0,0,0,0
,,State unassigned,74,72,2,0,1,0,0
,,,,,,,,,
,,Tennessee,1,1,0,0,0,0,0
,,Texas,3,3,0,0,0,0,0
,,Utah,1,1,0,0,0,0,0
,,Washington,1,1,0,0,0,0,0
,,Wisconsin,2,2,0,0,0,0,0
,Asian,All Donor States of Residence,5135,4906,222,0,2,7,0
,,Alabama,18,18,0,0,0,0,0
,,Alaska,5,4,1,0,0,0,0
,,Arizona,59,58,1,0,0,0,0
,,Arkansas,10,9,1,0,0,0,0
,,California,1440,1359,79,0,0,2,0
,,Colorado,43,42,1,0,0,0,0
,,Connecticut,42,40,2,0,0,0,0
,,Delaware,7,6,1,0,0,0,0
,,District of Columbia,17,16,1,0,0,0,0
,,Florida,107,104,3,0,0,0,0
,,Georgia,77,76,1,0,0,0,0
,,Hawaii,166,163,3,0,0,0,0
,,Idaho,2,2,0,0,0,0,0
,,Illinois,216,209,7,0,1,0,0
,,Indiana,29,28,1,0,0,0,0
,,Iowa,8,8,0,0,0,0,0
,,Kansas,9,9,0,0,0,0,0
,,Kentucky,13,13,0,0,0,0,0
,,Louisiana,30,29,1,0,0,0,0
,,Maine,5,4,1,0,0,0,0
,,Maryland,121,113,8,0,0,0,0
,,Massachusetts,111,104,7,0,0,0,0
,,Michigan,86,85,1,0,0,0,0
,,Minnesota,107,106,1,0,1,0,0
,,Mississippi,9,9,0,0,0,0,0
,,Missouri,30,29,1,0,0,0,0
,,Nebraska,4,4,0,0,0,0,0
,,Nevada,48,45,1,0,0,2,0
,,New Hampshire,8,7,1,0,0,0,0
,,New Jersey,281,273,8,0,0,0,0
,,New Mexico,7,6,1,0,0,0,0
,,New York,447,400,47,0,0,0,0
,,North Carolina,33,30,3,0,0,0,0
,,North Dakota,3,3,0,0,0,0,0
,,Ohio,51,51,0,0,0,0,0
,,,,,,,,,
,,Oklahoma,8,8,0,0,0,0,0
,,Oregon,42,42,0,0,0,0,0
,,Pennsylvania,108,102,6,0,0,0,0
,,Puerto Rico,1,1,0,0,0,0,0
,,Rhode Island,10,10,0,0,0,0,0
,,South Carolina,20,19,1,0,0,0,0
,,South Dakota,2,2,0,0,0,0,0
,,State unassigned,683,665,15,0,0,3,0
,,Tennessee,27,27,0,0,0,0,0
,,Texas,220,213,7,0,0,0,0
,,Utah,20,19,1,0,0,0,0
,,Vermont,1,0,1,0,0,0,0
,,Virginia,185,182,3,0,0,0,0
,,Washington,113,110,3,0,0,0,0
,,West Virginia,5,4,1,0,0,0,0
,,Wisconsin,38,37,1,0,0,0,0
,,Wyoming,3,3,0,0,0,0,0
,American Indian/Alaska Native,All Donor States of Residence,864,844,20,0,0,0,0
,,Alabama,3,3,0,0,0,0,0
,,Alaska,31,31,0,0,0,0,0
,,Arizona,120,119,1,0,0,0,0
,,Arkansas,2,2,0,0,0,0,0
,,California,51,51,0,0,0,0,0
,,Colorado,9,9,0,0,0,0,0
,,Connecticut,2,2,0,0,0,0,0
,,Delaware,1,1,0,0,0,0,0
,,District of Columbia,1,1,0,0,0,0,0
,,Florida,9,9,0,0,0,0,0
,,Georgia,5,5,0,0,0,0,0
,,Hawaii,2,2,0,0,0,0,0
,,Idaho,10,9,1,0,0,0,0
,,Illinois,4,4,0,0,0,0,0
,,Indiana,1,1,0,0,0,0,0
,,Iowa,4,4,0,0,0,0,0
,,Kansas,4,4,0,0,0,0,0
,,Louisiana,5,4,1,0,0,0,0
,,Maine,1,1,0,0,0,0,0
,,Maryland,10,10,0,0,0,0,0
,,Massachusetts,2,2,0,0,0,0,0
,,Michigan,17,17,0,0,0,0,0
,,Minnesota,76,74,2,0,0,0,0
,,,,,,,,,
,,Mississippi,1,1,0,0,0,0,0
,,Missouri,5,5,0,0,0,0,0
,,Montana,41,41,0,0,0,0,0
,,Nebraska,5,5,0,0,0,0,0
,,Nevada,10,9,1,0,0,0,0
,,New Jersey,6,6,0,0,0,0,0
,,New Mexico,44,41,3,0,0,0,0
,,New York,18,16,2,0,0,0,0
,,North Carolina,47,45,2,0,0,0,0
,,North Dakota,59,59,0,0,0,0,0
,,Ohio,3,3,0,0,0,0,0
,,Oklahoma,66,65,1,0,0,0,0
,,Oregon,9,9,0,0,0,0,0
,,Pennsylvania,3,3,0,0,0,0,0
,,Rhode Island,5,5,0,0,0,0,0
,,South Carolina,3,3,0,0,0,0,0
,,South Dakota,34,32,2,0,0,0,0
,,State unassigned,11,10,1,0,0,0,0
,,Texas,24,23,1,0,0,0,0
,,Utah,11,11,0,0,0,0,0
,,Virginia,13,13,0,0,0,0,0
,,Washington,24,24,0,0,0,0,0
,,Wisconsin,48,46,2,0,0,0,0
,,Wyoming,4,4,0,0,0,0,0
,Pacific Islander,All Donor States of Residence,718,700,16,0,0,2,0
,,Alaska,5,5,0,0,0,0,0
,,Arizona,9,9,0,0,0,0,0
,,Arkansas,2,2,0,0,0,0,0
,,California,256,251,4,0,0,1,0
,,Colorado,6,6,0,0,0,0,0
,,Connecticut,5,5,0,0,0,0,0
,,Delaware,1,1,0,0,0,0,0
,,District of Columbia,3,3,0,0,0,0,0
,,Florida,9,9,0,0,0,0,0
,,Georgia,7,7,0,0,0,0,0
,,Hawaii,79,74,5,0,0,0,0
,,Idaho,3,3,0,0,0,0,0
,,Illinois,19,18,1,0,0,0,0
,,Indiana,3,2,1,0,0,0,0
,,Kansas,3,3,0,0,0,0,0
,,Kentucky,2,2,0,0,0,0,0
,,,,,,,,,
,,Louisiana,1,1,0,0,0,0,0
,,Maryland,22,22,0,0,0,0,0
,,Massachusetts,4,4,0,0,0,0,0
,,Michigan,10,10,0,0,0,0,0
,,Minnesota,4,4,0,0,0,0,0
,,Missouri,2,2,0,0,0,0,0
,,Nevada,8,8,0,0,0,0,0
,,New Jersey,14,14,0,0,0,0,0
,,New Mexico,1,1,0,0,0,0,0
,,New York,34,32,2,0,0,0,0
,,North Carolina,3,3,0,0,0,0,0
,,North Dakota,1,1,0,0,0,0,0
,,Ohio,4,4,0,0,0,0,0
,,Oklahoma,4,4,0,0,0,0,0
,,Oregon,12,12,0,0,0,0,0
,,Pennsylvania,11,11,0,0,0,0,0
,,Rhode Island,1,1,0,0,0,0,0
,,South Carolina,5,5,0,0,0,0,0
,,State unassigned,98,95,2,0,0,1,0
,,Texas,24,24,0,0,0,0,0
,,Utah,9,8,1,0,0,0,0
,,Vermont,1,1,0,0,0,0,0
,,Virginia,10,10,0,0,0,0,0
,,Washington,21,21,0,0,0,0,0
,,Wisconsin,2,2,0,0,0,0,0
,Multiracial,All Donor States of Residence,1066,1003,63,0,0,0,0
,,Alabama,3,3,0,0,0,0,0
,,Alaska,4,4,0,0,0,0,0
,,Arizona,25,25,0,0,0,0,0
,,Arkansas,3,3,0,0,0,0,0
,,California,189,180,9,0,0,0,0
,,Colorado,19,16,3,0,0,0,0
,,Connecticut,14,14,0,0,0,0,0
,,District of Columbia,3,3,0,0,0,0,0
,,Florida,26,25,1,0,0,0,0
,,Georgia,17,17,0,0,0,0,0
,,Hawaii,54,54,0,0,0,0,0
,,Idaho,4,4,0,0,0,0,0
,,Illinois,56,54,2,0,0,0,0
,,Indiana,9,9,0,0,0,0,0
,,Iowa,2,2,0,0,0,0,0
,,,,,,,,,
,,Kansas,7,6,1,0,0,0,0
,,Kentucky,4,4,0,0,0,0,0
,,Louisiana,5,5,0,0,0,0,0
,,Maine,2,2,0,0,0,0,0
,,Maryland,29,29,0,0,0,0,0
,,Massachusetts,19,18,1,0,0,0,0
,,Michigan,23,23,0,0,0,0,0
,,Minnesota,16,15,1,0,0,0,0
,,Mississippi,2,1,1,0,0,0,0
,,Missouri,9,9,0,0,0,0,0
,,Montana,1,1,0,0,0,0,0
,,Nebraska,3,3,0,0,0,0,0
,,Nevada,14,12,2,0,0,0,0
,,New Hampshire,1,1,0,0,0,0,0
,,New Jersey,26,26,0,0,0,0,0
,,New Mexico,10,9,1,0,0,0,0
,,New York,107,91,16,0,0,0,0
,,North Carolina,28,27,1,0,0,0,0
,,North Dakota,3,3,0,0,0,0,0
,,Ohio,36,35,1,0,0,0,0
,,Oklahoma,7,7,0,0,0,0,0
,,Oregon,12,11,1,0,0,0,0
,,Pennsylvania,22,21,1,0,0,0,0
,,Puerto Rico,20,20,0,0,0,0,0
,,Rhode Island,1,1,0,0,0,0,0
,,South Carolina,7,7,0,0,0,0,0
,,South Dakota,7,7,0,0,0,0,0
,,State unassigned,43,40,3,0,0,0,0
,,Tennessee,8,7,1,0,0,0,0
,,Texas,80,65,15,0,0,0,0
,,Utah,11,11,0,0,0,0,0
,,Virginia,21,20,1,0,0,0,0
,,Washington,38,37,1,0,0,0,0
,,West Virginia,2,2,0,0,0,0,0
,,Wisconsin,14,14,0,0,0,0,0
